{"cameraMode":{"drawMode":0,"name":"Shaded","section":"Shading Mode"},"sceneLighting":false,"audioPlay":false,"sceneViewState":{"showFog":true,"showMaterialUpdate":false,"showSkybox":true,"showFlares":true,"showImageEffects":true,"showParticleSystems":true},"in2DMode":false,"pivot":{"x":-248.8078155517578,"y":2.1615865230560304,"z":50.05116271972656},"rotation":{"x":-0.05895829573273659,"y":-0.49175578355789187,"z":0.03339264169335365,"w":-0.8680999875068665},"size":4.041658401489258,"orthographic":false}